Dataset,Molecular_network_Fingeprint,Model_Fingeprint,Topological_Random_Forest_Accuracy,Topological_Random_Forest_Precision,Topological_Random_Forest_Recall,Topological_Random_Forest_Balanced_Accuracy,Topological_Random_Forest_F1_Score,Topological_Random_Forest_AUC_ROC,Random_Forest_Accuracy,Random_Forest_Precision,Random_Forest_Recall,Random_Forest_Balanced_Accuracy,Random_Forest_F1_Score,Random_Forest_AUC_ROC
dili,maccs,maccs,0.78125,0.7543859649122807,0.86,0.7778260869565217,0.8037383177570093,0.7778260869565217,0.8333333333333334,0.7931034482758621,0.92,0.8295652173913044,0.8518518518518519,0.8295652173913043
dili,morgan2,maccs,0.8020833333333334,0.7719298245614035,0.88,0.798695652173913,0.822429906542056,0.798695652173913,0.8333333333333334,0.7931034482758621,0.92,0.8295652173913044,0.8518518518518519,0.8295652173913043
