Dataset,Run,Molecular_network_Fingeprint,Model_Fingeprint,Topological_Random_Forest_Accuracy,Topological_Random_Forest_Precision,Topological_Random_Forest_Recall,Topological_Random_Forest_Balanced_Accuracy,Topological_Random_Forest_F1_Score,Topological_Random_Forest_AUC_ROC,Random_Forest_Accuracy,Random_Forest_Precision,Random_Forest_Recall,Random_Forest_Balanced_Accuracy,Random_Forest_F1_Score,Random_Forest_AUC_ROC
CHEMBL3888190,0,morgan2,maccs,0.6964285714285714,0.88,0.41509433962264153,0.6821234409977615,0.5641025641025641,0.6821234409977615,0.7857142857142857,0.7959183673469388,0.7358490566037735,0.7831787655900224,0.7647058823529411,0.7831787655900224
CHEMBL3888190,1,morgan2,maccs,0.6964285714285714,0.88,0.41509433962264153,0.6821234409977615,0.5641025641025641,0.6821234409977615,0.7857142857142857,0.7959183673469388,0.7358490566037735,0.7831787655900224,0.7647058823529411,0.7831787655900224
CHEMBL3888190,2,morgan2,maccs,0.6964285714285714,0.88,0.41509433962264153,0.6821234409977615,0.5641025641025641,0.6821234409977615,0.7857142857142857,0.7959183673469388,0.7358490566037735,0.7831787655900224,0.7647058823529411,0.7831787655900224
