Dataset,Topological_Decision_Tree_Accuracy,Topological_Decision_Tree_Precision,Topological_Decision_Tree_Recall,Topological_Decision_Tree_Balanced_Accuracy,Topological_Decision_Tree_F1_Score,Topological_Decision_Tree_AUC_ROC,Decision_Tree_Accuracy,Decision_Tree_Precision,Decision_Tree_Recall,Decision_Tree_Balanced_Accuracy,Decision_Tree_F1_Score,Decision_Tree_AUC_ROC
CHEMBL3887063,0.6171875,0.2777777777777778,0.12195121951219512,0.4862629660779366,0.1694915254237288,0.4862629660779367,0.703125,0.5454545454545454,0.43902439024390244,0.6333052985702271,0.4864864864864865,0.6333052985702271
CHEMBL3705647,0.7745098039215687,0.7941176470588235,0.627906976744186,0.754631454473788,0.7012987012987013,0.7546314544737879,0.6764705882352942,0.6041666666666666,0.6744186046511628,0.6761923531730389,0.6373626373626373,0.6761923531730389
CHEMBL3888966,0.7474747474747475,0.6296296296296297,0.53125,0.6909981343283582,0.576271186440678,0.6909981343283582,0.7070707070707071,0.5348837209302325,0.71875,0.7101212686567164,0.6133333333333333,0.7101212686567164
CHEMBL3888190,0.7589285714285714,0.825,0.6226415094339622,0.751998720818676,0.7096774193548387,0.751998720818676,0.7678571428571429,0.7288135593220338,0.8113207547169812,0.7700671570195075,0.7678571428571429,0.7700671570195077
CHEMBL3706373,0.6643835616438356,0.6744186046511628,0.453125,0.6411966463414633,0.5420560747663551,0.6411966463414634,0.7328767123287672,0.6923076923076923,0.703125,0.7296112804878049,0.6976744186046512,0.7296112804878049
CHEMBL3880337,0.7073170731707317,0.9130434782608695,0.38181818181818183,0.6762032085561498,0.5384615384615384,0.6762032085561497,0.7479674796747967,0.7727272727272727,0.6181818181818182,0.7355614973262032,0.6868686868686869,0.7355614973262031
CHEMBL3889139,0.7166666666666667,0.8,0.46153846153846156,0.6866515837104072,0.5853658536585366,0.6866515837104074,0.65,0.6190476190476191,0.5,0.6323529411764706,0.5531914893617021,0.6323529411764706
CHEMBL3705282,0.6507936507936508,0.6666666666666666,0.4827586206896552,0.6384381338742393,0.56,0.6384381338742394,0.7936507936507936,0.8076923076923077,0.7241379310344828,0.7885395537525355,0.7636363636363637,0.7885395537525355
CHEMBL1267248,0.5970149253731343,0.625,0.3225806451612903,0.5779569892473119,0.425531914893617,0.5779569892473118,0.5970149253731343,0.5909090909090909,0.41935483870967744,0.5846774193548387,0.49056603773584906,0.5846774193548386
